,JULD,MLD
0,2022-11-21 07:25:00.000000000,23.315012964548334
1,2022-11-29 02:26:24.000000000,3.9629112993550284
2,2022-12-11 21:07:55.002263296,43.61074638047553
3,2022-12-25 09:04:51.000971264,7.762212480406056
4,2023-01-04 16:14:39.001736960,29.736646348523365
5,2023-01-14 22:18:36.002386432,41.62288566604878
6,2023-01-30 11:34:00.000000000,11.112394209677
7,2023-02-01 14:25:19.001538560,33.70412619592992
8,2023-02-04 10:51:57.001146880,23.684793574437354
9,2023-02-09 15:31:00.000000000,28.176303243637296
10,2023-02-13 17:30:45.001867264,25.679058900037052
11,2023-02-14 16:56:19.001798144,49.947396316395256
12,2023-02-18 23:33:00.000000000,42.758781830119865
13,2023-02-24 00:15:31.000022016,33.610696127506436
14,2023-02-24 23:02:11.002470400,57.372756792505236
15,2023-03-01 03:17:00.000000000,0.9921954201328296
16,2023-03-06 07:01:22.000752640,21.51479278901702
17,2023-03-07 05:08:13.000547840,59.44835812244806
18,2023-03-11 11:28:00.000000000,11.211749578011826
19,2023-03-16 13:39:59.001451520,19.82806593970748
20,2023-03-17 11:54:27.001258496,56.13172066957005
21,2023-03-21 06:24:27.000678400,27.755498682826865
22,2023-03-25 16:47:59.001784832,51.16719818997682
23,2023-03-26 20:05:17.002152960,37.9695526876375
24,2023-03-27 18:01:26.001932288,69.25565366234513
25,2023-03-27 21:03:58.002256896,49.58292503863036
26,2023-03-31 04:23:57.000462336,43.61272911014534
27,2023-04-03 20:54:38.002224128,71.19922518189135
28,2023-04-04 23:02:09.002470400,57.42377534208339
29,2023-04-06 02:33:58.000262144,51.45778873521085
30,2023-04-06 21:11:02.002268672,49.581660384842735
31,2023-04-10 02:12:51.000231936,59.37038737857159
32,2023-04-14 03:30:04.000365568,79.10465949077987
33,2023-04-15 06:08:41.000655360,56.48099388504938
34,2023-04-16 09:23:05.000998912,56.32632365791306
35,2023-04-16 20:22:12.002177536,57.51416503224732
36,2023-04-20 01:01:14.000109056,69.37659609448701
37,2023-04-24 11:45:55.001245696,79.40030468358087
38,2023-04-25 12:22:32.001319424,59.90222322970678
39,2023-04-26 16:32:03.001763328,61.31257910522351
40,2023-04-26 19:44:36.002102272,63.46233836981927
41,2023-04-29 23:14:16.002487808,77.30141155177591
42,2023-05-07 18:30:56.001974784,36.48348070155953
43,2023-05-12 13:41:43.001454080,184.2674346634674
44,2023-05-16 18:47:19.001999360,81.30460220070358
45,2023-05-18 01:33:33.000155136,37.662931170781036
46,2023-05-26 18:37:14.001985024,65.44180351849383
47,2023-05-27 12:05:54.001294848,89.09542610737785
48,2023-05-28 07:49:23.000822272,46.14086311329298
49,2023-06-05 19:08:31.002050048,89.33226879840122
50,2023-06-06 13:56:52.001476096,87.24748097383659
51,2023-06-09 13:55:04.001474560,124.92469790851678
52,2023-06-15 05:53:25.000613376,172.41295261277912
53,2023-06-15 19:25:24.002074624,89.2314552897876
54,2023-06-17 01:03:45.000111616,128.8685901540267
55,2023-06-17 01:35:43.000158208,136.74769873861806
56,2023-06-19 20:54:14.002224128,122.84511673303898
57,2023-06-21 15:49:10.001680384,55.51007197990001
58,2023-06-25 19:33:16.002086400,95.17707717580495
59,2023-06-27 08:06:05.000866816,152.60690363208724
60,2023-06-27 08:14:36.000878592,91.20666167681021
61,2023-06-29 03:50:48.000000000,126.41145054246032
62,2023-06-30 03:52:26.000397312,85.20709179564902
63,2023-06-30 21:44:24.000000000,216.2348425837366
64,2023-07-01 14:49:40.001573376,283.3203250361734
65,2023-07-01 19:51:06.002112512,85.60166032884995
66,2023-07-05 18:20:07.001960448,120.94664654612615
67,2023-07-07 14:22:57.001533952,223.92739950702457
68,2023-07-07 15:18:01.001635328,162.568565623385
69,2023-07-08 11:11:55.001196032,105.06928265012849
70,2023-07-10 07:42:20.000000000,132.24564131379927
71,2023-07-10 10:54:25.001150976,128.78883468938503
72,2023-07-10 20:21:58.002176000,115.07446060666724
73,2023-07-11 01:48:24.000000000,221.47701563871257
74,2023-07-11 15:43:16.001671680,352.6155708866371
75,2023-07-15 19:38:12.002093568,120.94568779877146
76,2023-07-17 21:08:55.002264576,169.9113223484306
77,2023-07-17 22:52:10.002435584,128.87284262522707
78,2023-07-18 08:49:44.000929280,136.77365729623406
79,2023-07-20 18:19:02.001958400,124.82919051729942
80,2023-07-20 20:37:46.002199552,124.99171805462035
81,2023-07-21 05:49:24.000000000,388.67938687442177
82,2023-07-21 11:25:56.000000000,161.7591932440105
83,2023-07-25 18:11:12.001947136,144.72562186832025
84,2023-07-28 03:19:42.000349184,188.2701930770442
85,2023-07-28 05:44:22.000600576,126.89327072402862
86,2023-07-28 06:30:27.000687104,116.95848421424472
87,2023-07-31 02:08:19.000226304,154.5416973303783
88,2023-08-01 15:15:29.000000000,153.05357147602757
89,2023-08-04 19:33:42.002086400,164.54177648332214
90,2023-08-07 04:23:44.000462336,114.98201087983456
91,2023-08-07 09:51:41.001039360,208.06248303906827
92,2023-08-07 13:42:21.001455616,19.829776440956913
93,2023-08-10 09:28:24.001006080,142.6613721281782
94,2023-08-10 21:36:24.000000000,495.044477878765
95,2023-08-14 18:39:57.001987584,142.74423733964142
96,2023-08-17 01:58:46.000191488,144.70241010761296
97,2023-08-17 20:31:29.002190848,160.23402908202223
98,2023-08-18 10:34:55.001122304,164.45448333726267
99,2023-08-20 13:32:11.001441280,429.72504338315133
100,2023-08-21 01:38:24.000000000,494.85426056195115
101,2023-08-24 17:33:15.001871872,148.68427165350775
102,2023-08-26 23:44:38.002531840,182.3260454944717
103,2023-08-28 03:59:04.000407552,179.84404965863393
104,2023-08-28 16:54:25.001795072,162.4718607750631
105,2023-08-30 11:54:16.001258496,423.77235782406063
106,2023-09-03 17:57:12.001906688,182.361845767414
107,2023-09-05 21:07:17.002263040,229.84825588415157
108,2023-09-07 11:29:15.001222144,218.00977616986435
109,2023-09-07 23:12:38.002485248,174.35906134688258
110,2023-09-13 16:59:16.001802240,214.05266982672754
111,2023-09-15 20:28:10.002186240,299.15512126555296
112,2023-09-17 18:33:42.001978880,227.923156855917
113,2023-09-23 17:33:14.001871872,202.15661677587607
114,2023-09-27 17:52:08.001899520,237.75953316562814
115,2023-09-28 01:36:51.000159744,233.8851194788272
116,2023-10-03 16:10:00.001731072,184.3359292655207
117,2023-10-08 00:17:59.000024576,13.87807679856416
118,2023-10-08 08:39:38.000914944,53.54262895059989
119,2023-10-08 18:19:42.001958400,160.50427830932418
120,2023-10-13 16:42:57.001777664,174.4481501792391
121,2023-10-18 06:30:57.000687104,237.78522965837266
122,2023-10-18 15:33:20.001657344,103.10641172902272
123,2023-10-23 16:34:11.001765888,182.37902971062383
124,2023-10-28 13:10:27.001409536,198.17311929467044
125,2023-10-28 22:42:39.002421248,150.25690165247727
126,2023-11-02 16:06:09.001725440,190.30050726626348
127,2023-11-07 19:41:00.002098176,168.45786778245747
128,2023-11-08 05:38:41.000591360,65.43587542237786
129,2023-12-09 07:59:19.000836608,29.73714833976151
130,2023-12-12 14:56:08.001583616,15.864809094995968
